dutyName,wgs84Lat,wgs84Lon,dutyAddr,dutyEmclsName,dutyTel1,dutyTel3,dutyEmcls,hpid,phpid,rnum
부산성모병원(재단법인 천주교부산교구유지재단),35.11045733,129.109192,부산광역시 남구 용호로232번길 25-14 (용호동),지역응급의료기관,051-933-7114,051-933-7119,G007,A1200013,A1200013,151
부안성모병원,35.7248154,126.7345257,전북특별자치도 부안군 부안읍 오정2길 24,지역응급의료기관,063-581-5100,063-580-8119,G007,A2500010,A2500010,152
부천세종병원,37.4810049,126.7911674,"경기도 부천시 소사구 호현로489번길 28 (소사본동, 세종병원)",지역응급의료센터,1599-6677,032-340-1119,G006,A2100055,A2100055,153
부천우리병원,37.52438753,126.8051856,"경기도 부천시 오정구 소사로 726, 지하4층~지상5층 (원종동)",응급의료기관 외의 의료기관(응급의료시설),032-672-4100,032-672-2400,G009,A2100058,A2100058,154
분당서울대학교병원,37.35202597,127.1244835,"경기도 성남시 분당구 구미로173번길 82 (구미동, 분당서울대학교병원)",권역응급의료센터,031-787-2114,031-787-3119,G001,A2100001,A2100001,155
비에스종합병원,37.73605305,126.485707,인천광역시 강화군 강화읍 충렬사로 31,지역응급의료기관,032-290-0001,032-290-0119,G007,A1403617,A1403617,156
비에이치에스한서병원,35.16104606,129.1128811,부산광역시 수영구 수영로 615 (광안동),지역응급의료센터,051-756-0081,051-998-1119,G006,A1200007,A1200007,157
빌리브세웅병원,35.19593283,129.1082119,부산광역시 동래구 충렬대로 455 (안락동),응급의료기관 외의 의료기관(응급의료시설),051-500-1100,051-500-1119,G009,A1206845,A1206845,158
빛가람종합병원,35.02420484,126.7987474,전라남도 나주시 정보화길 49-0 (빛가람동),지역응급의료기관,061-820-0820,061-820-0909,G007,A2602211,A2602211,159
빛고을전남대학교병원,35.09447963,126.8963843,광주광역시 남구 덕남길 80 (덕남동),응급의료기관 외의 의료기관(응급의료시설),1899-0000,,G009,A1500078,A1500078,160
강일병원,35.25670435,128.8696111,경상남도 김해시 가락로 359 (구산동),지역응급의료기관,055-822-0100,055-822-0119,G007,A2803677,A2803677,31
거창적십자병원,35.68680191,127.9087708,경상남도 거창군 거창읍 중앙로 91,지역응급의료기관,055-944-3251,055-949-3359,G007,A2800076,A2800076,32
건국대학교병원,37.54084479,127.0721229,서울특별시 광진구 능동로 120-1 (화양동),지역응급의료센터,1588-1533,02-2030-5555,G006,A1100002,A1100002,33
건국대학교충주병원,36.9789751,127.9286366,충청북도 충주시 국원대로 82 (교현동),지역응급의료센터,043-840-8593,043-840-8330,G006,A2300010,A2300010,34
검단탑병원,37.59241914,126.6710401,인천광역시 서구 청마로19번길 5 (당하동),지역응급의료센터,032-590-0114,032-590-0077,G006,A1400010,A1400010,35
경기도의료원수원병원,37.29188165,126.9963878,경기도 수원시 장안구 수성로245번길 69 (정자동),지역응급의료기관,031-888-0114,031-888-0119,G007,A2100032,A2100032,36
경기도의료원안성병원,37.01736703,127.2603394,"경기도 안성시 남파로 95, 경기도의료원 안성병원 (당왕동)",지역응급의료기관,031-8046-5000,031-8046-5119,G007,A2100045,A2100045,37
경기도의료원의정부병원,37.7410883,127.0425549,경기도 의정부시 흥선로 142 (의정부동),지역응급의료기관,318285000,031-828-5119,G007,A2100043,A2100043,38
경기도의료원이천병원,37.28269444,127.4326639,경기도 이천시 경충대로 2742 (관고동),지역응급의료센터,031-630-4200,031-630-4333,G006,A2100193,A2100193,39
경기도의료원파주병원,37.75488021,126.7796379,"경기도 파주시 중앙로 207, 경기도립의료원파주병원 (금촌동)",지역응급의료센터,031-940-9100,031-940-9119,G006,A2100035,A2100035,40
사랑의병원,37.47962478,126.9562858,"서울특별시 관악구 남부순환로 1860, -1,1,3,4,5층 (봉천동,  )",응급의료기관 외의 의료기관(응급의료시설),02-880-0114,02-880-0119,G009,A1100148,A1100148,161
산청군보건의료원,35.41604632,127.8841959,경상남도 산청군 산청읍 중앙로 97,지역응급의료기관,055-970-7500,055-970-7582,G007,E2800380,E2800380,162
삼성서울병원,37.48851613,127.0866825,"서울특별시 강남구 일원로 81 (일원동, 삼성의료원)",지역응급의료센터,02-3410-2114,02-3410-2060,G006,A1100010,A1100010,163
삼성합천병원,35.56635668,128.1632717,경상남도 합천군 합천읍 대야로 876,지역응급의료기관,055-933-2200,070-5125-5030,G007,A2800055,A2800055,164
삼육부산병원,35.11177721,129.0107498,부산광역시 서구 대티로 170 (서대신동2가),지역응급의료기관,051-242-9751,051-600-7750,G007,A1200021,A1200021,165
삼육서울병원,37.587992,127.0653288,서울특별시 동대문구 망우로 82 (휘경동),지역응급의료센터,02-2244-0191,02-2210-3566,G006,A1100021,A1100021,166
삼일병원,35.83274795,128.5538551,"대구광역시 달서구 월배로 436, 지하1,지상1~11층 (송현동)",지역응급의료기관,053-659-3100,053-659-3119,G007,A1300045,A1300045,167
삼천포제일병원,34.93753929,128.0795128,"경상남도 사천시 중앙로 136, 삼천포제일병원 (벌리동)",지역응급의료기관,055-833-4400,055-830-3099,G007,A2800101,A2800101,168
삼호병원,34.83384675,127.3457323,전라남도 보성군 벌교읍 남하로 12,지역응급의료기관,061-859-5000,061-859-5119,G007,A2600066,A2600066,169
상무병원,35.15242291,126.8539184,광주광역시 서구 상무자유로 181-7 (치평동),지역응급의료기관,062-600-7000,062-600-7119,G007,A1500022,A1500022,170
울산엘리야병원,35.62891129,129.3506301,울산광역시 북구 호계로 285 (호계동),응급의료기관 외의 의료기관(응급의료시설),052-290-2100,052-290-2119,G009,A1700007,A1700007,251
울진군의료원,36.99264956,129.4094916,경상북도 울진군 울진읍 현내항길 71,지역응급의료기관,054-785-7000,054-785-7119,G007,A2700052,A2700052,252
원광대학교병원,35.96424196,126.9593063,전북특별자치도 익산시 무왕로 895 (신동),권역응급의료센터,063-859-1114,063-859-1165,G001,A2500001,A2500001,253
원광대학교산본병원,37.35978718,126.9333072,경기도 군포시 산본로 321 (산본동),지역응급의료센터,031-390-2300,031-390-2345,G006,A2100048,A2100048,254
원병원,37.65195717,127.3043774,경기도 남양주시 화도읍 경춘로 1943-16,응급의료기관 외의 의료기관(응급의료시설),031-590-3114,031-5903-1189,G009,A2100208,A2100208,255
원주성모병원,37.39364611,127.9845808,강원특별자치도 원주시 소초면 치악로 2473,응급의료기관 외의 의료기관(응급의료시설),033-741-5000,033-741-5119,G009,A2200030,A2200030,256
윤서병원,37.60519853,127.1396114,경기도 구리시 건원대로 47 (인창동),응급의료기관 외의 의료기관(응급의료시설),031-553-6650,031-564-2222,G009,A2100116,A2100116,257
은평연세병원,37.61469222,126.9174722,서울특별시 은평구 연서로 177 (갈현동),응급의료기관 외의 의료기관(응급의료시설),02-388-8114,02-388-0119,G009,A1100152,A1100152,258
의)근원의료재단경산중앙병원,35.80882731,128.7401573,경상북도 경산시 경안로 11 (백천동),지역응급의료기관,053-715-0100,053-715-0119,G007,A2700019,A2700019,259
의령병원,35.31860563,128.2586798,경상남도 의령군 의령읍 의병로14길 10,지역응급의료기관,055-573-4100,055-573-6806,G007,A2800090,A2800090,260
의료법인은성의료재단좋은삼선병원,35.15056774,129.0081979,부산광역시 사상구 가야대로 326 (주례동),지역응급의료센터,051-322-0900,051-310-9119,G006,A1200005,A1200005,351
의료법인은성의료재단좋은삼정병원,35.55282642,129.2689979,울산광역시 남구 북부순환도로 51 (무거동),지역응급의료기관,052-220-7500,052-220-7600,G007,A1700011,A1700011,352
의료법인은성의료재단좋은선린병원,36.04808906,129.3670434,경상북도 포항시 북구 대신로 43 (대신동),지역응급의료기관,054-245-5000,054-245-5200,G007,A2702563,A2702563,353
의료법인은혜와감사의료재단화성중앙종합병원,37.13118967,126.9103656,경기도 화성시 향남읍 발안로 5,지역응급의료기관,031-352-8114,031-371-7998,G007,A2100018,A2100018,354
의료법인인봉의료재단뉴고려병원,37.64095508,126.6602276,"경기도 김포시 김포한강3로 283, 뉴고려병원 (장기동)",지역응급의료센터,031-998-8129,031-980-9119,G006,A2100006,A2100006,355
의료법인인성의료재단한림병원,37.53218449,126.734355,인천광역시 계양구 장제로 722 (작전동),지역응급의료센터,032-540-9114,032-540-9119,G006,A1400014,A1400014,356
의료법인인성의료재단함평성심병원,35.06188611,126.5198056,"전라남도 함평군 함평읍 영수길 132, 함평성심병원",응급의료기관 외의 의료기관(응급의료시설),061-324-0001,061-324-0072,G009,A2600090,A2600090,357
의료법인인화재단한국병원,36.61950589,127.4965949,충청북도 청주시 상당구 단재로 106 (영운동),지역응급의료센터,043-222-7000,043-222-6177,G006,A2300007,A2300007,358
의료법인일산복음병원,37.68205457,126.7801254,"경기도 고양시 일산동구 고양대로 760, 가동 (중산동, 일산복음병원)",응급의료기관 외의 의료기관(응급의료시설),031-977-5000,031-929-0330,G009,A2100283,A2100283,359
의료법인자산의료재단제천서울병원,37.13857101,128.2061393,충청북도 제천시 숭문로 57 (서부동),지역응급의료센터,043-642-7606,043-643-2327,G006,A2300005,A2300005,360
계명대학교대구동산병원,35.86945965,128.5829311,"대구광역시 중구 달성로 56, 계명대학교대구동산병원 (동산동)",지역응급의료기관,053-250-8114,053-250-8481,G007,A1303386,A1303386,51
계명대학교동산병원,35.85388729,128.4801297,대구광역시 달서구 달구벌대로 1035 (신당동),지역응급의료센터,1577-6622,053-258-6301,G006,A1300003,A1300003,52
고려대학교의과대학부속구로병원,37.49211115,126.8847449,"서울특별시 구로구 구로동로 148, 고려대부속구로병원 (구로동)",권역응급의료센터,02-2626-1114,02-2626-1550,G001,A1100014,A1100014,53
고려대학교의과대학부속안산병원,37.31885818,126.8250018,경기도 안산시 단원구 적금로 123 (고잔동),권역응급의료센터,031-1577-7516,031-412-5381,G001,A2100003,A2100003,54
고신대학교복음병원,35.08029169,129.0157202,부산광역시 서구 감천로 262 (암남동),지역응급의료센터,051-990-6114,051-990-6200,G006,A1200004,A1200004,55
곡성사랑병원,35.27628371,127.287976,전라남도 곡성군 곡성읍 곡성로 761,지역응급의료기관,061-360-6000,061-360-6008,G007,A2600029,A2600029,56
곽병원,35.87069315,128.5887281,대구광역시 중구 국채보상로 531 (수동),지역응급의료기관,053-252-2401,053-605-3333,G007,A1300008,A1300008,57
광명성애병원,37.47346147,126.8719226,"경기도 광명시 디지털로 36, 광명성애병원 (철산동)",지역응급의료센터,02-2680-7114,02-2680-7115,G006,A2100007,A2100007,58
광양사랑병원,34.93614549,127.6969511,전라남도 광양시 공영로 71 (중동),지역응급의료기관,061-797-7000,061-797-7119,G007,A2600006,A2600006,59
광주기독병원,35.13668286,126.9119844,광주광역시 남구 양림로 37 (양림동),지역응급의료센터,062-650-5000,062-650-5119,G006,A1500021,A1500021,60
의료법인 현경의료재단 광양서울병원,34.95791201,127.6905571,전라남도 광양시 진등길 93 (마동),지역응급의료기관,061-798-9800,061-798-9819,G007,A2600024,A2600024,281
의료법인 혜인의료재단 한국병원,33.50018592,126.5169887,제주특별자치도 제주시 서광로 193 (삼도일동),지역응급의료기관,064-750-0000,064-750-0160,G007,A2900003,A2900003,282
의료법인갈렌의료재단박병원,37.0482647,127.0570039,경기도 평택시 송탄로 33 (장당동),지역응급의료기관,031-666-2600,031-662-4119,G007,A2100309,A2100309,283
의료법인갑을의료재단 갑을장유병원,35.20866716,128.805643,경상남도 김해시 장유로 167-13 (부곡동),지역응급의료기관,055-310-6000,055-310-6119,G007,A2800014,A2800014,284
의료법인강릉동인병원,37.77432579,128.9071418,강원특별자치도 강릉시 강릉대로419번길 42 (포남동),지역응급의료센터,033-650-6113,033-650-6105,G006,A2200005,A2200005,285
의료법인건명의료재단중앙제일병원,36.85848748,127.4405079,충청북도 진천군 진천읍 중앙북로 36,지역응급의료기관,043-533-1711,043-537-9119,G007,A2300013,A2300013,286
의료법인구의료재단구병원,35.85082314,128.541483,대구광역시 달서구 감삼북길 141 (감삼동),지역응급의료기관,053-560-9016,053-557-7119,G007,A1300006,A1300006,287
의료법인나사렛의료재단나사렛국제병원,37.40799111,126.6704694,"인천광역시 연수구 먼우금로 98 (동춘동, 나사렛국제병원)",지역응급의료센터,032-899-9999,032-899-9699,G006,A1400011,A1400011,288
의료법인남촌의료재단시화병원,37.34995564,126.736971,"경기도 시흥시 군자천로 381, 시화병원 (정왕동)",지역응급의료센터,1811-7000,031-5189-0567,G006,A2100008,A2100008,289
의료법인녹산의료재단동수원병원,37.27816562,127.0343638,경기도 수원시 팔달구 중부대로 165 (우만동),지역응급의료센터,031-210-0114,031-210-0119,G006,A2100009,A2100009,290
의료법인합포의료재단에스엠지연세병원,35.1863533,128.5616316,"경상남도 창원시 마산합포구 3·15대로 76 (월남동2가, 합포의료재단)",지역응급의료센터,055-243-0100,055-240-7777,G006,A2800017,A2800017,381
의료법인해민의료재단 세안종합병원,34.8170301,126.3803394,전라남도 목포시 고하대로 795-2 (연산동),지역응급의료기관,061-260-6700,061-260-6666,G007,A2600007,A2600007,382
의료법인행복나눔의료재단 장성병원,35.30587166,126.7836196,전라남도 장성군 장성읍 역전로 171,지역응급의료기관,061-390-9000,061-390-9119,G007,A2600035,A2600035,383
의료법인행촌의료재단 해남종합병원,34.57154722,126.6126833,전라남도 해남군 해남읍 해남로 45,지역응급의료기관,061-536-4116,061-530-0119,G007,A2600009,A2600009,384
의료법인환명의료재단 조은금강병원,35.26230384,128.8615782,경상남도 김해시 김해대로 1814-37 (삼계동),지역응급의료기관,055-330-0300,055-330-0200,G007,A2800010,A2800010,385
의료법인힐링의료재단옥천성모병원,36.31334584,127.5719774,충청북도 옥천군 옥천읍 성왕로 1195,지역응급의료기관,043-730-7000,043-730-7119,G007,A2300011,A2300011,386
의산의료재단강릉고려병원,37.75910092,128.8998247,강원특별자치도 강릉시 옥가로 30 (옥천동),응급의료기관 외의 의료기관(응급의료시설),033-642-1988,033-647-7582,G009,A2200010,A2200010,387
이화여자대학교의과대학부속목동병원,37.53654283,126.886216,서울특별시 양천구 안양천로 1071 (목동),권역응급의료센터,02-2650-5114,02-2650-5911,G001,A1100005,A1100005,388
이화여자대학교의과대학부속서울병원,37.55726115,126.8362659,"서울특별시 강서구 공항대로 260, 이화의대부속서울병원 (마곡동)",지역응급의료센터,1522-7000,02-6986-5119,G006,A1120796,A1120796,389
인산의료재단메트로병원,37.37859798,126.9352999,"경기도 안양시 만안구 명학로33번길 8 (안양동, 메트로병원)",응급의료기관 외의 의료기관(응급의료시설),031-467-9000,031-467-9998,G009,A2100010,A2100010,390
의료법인 갑을의료재단 갑을녹산병원,35.09057381,128.8533209,부산광역시 강서구 녹산산단321로 24-8 (송정동),응급의료기관 외의 의료기관(응급의료시설),051-974-8300,051-974-8414,G009,A1200139,A1200139,261
의료법인 거명의료재단 영광기독병원,35.27495936,126.5108759,전라남도 영광군 영광읍 신남로 265,지역응급의료기관,061-350-3000,061-350-3080,G007,A2600034,A2600034,262
의료법인 거붕 백병원,34.87367581,128.626057,경상남도 거제시 계룡로5길 14 (상동동),지역응급의료기관,055-733-0000,055-733-0180,G007,A2800008,A2800008,263
의료법인 광혜의료재단 광혜병원,35.20703333,129.0711361,"부산광역시 동래구 충렬대로 96 (온천동, 광혜병원)",지역응급의료기관,051-503-2111,051-504-2119,G007,A1200009,A1200009,264
의료법인 길의료재단 길병원,37.45208025,126.7091617,"인천광역시 남동구 남동대로774번길 21 (구월동, 가천대학교길병원)",권역응급의료센터,032-460-3548,032-460-3012,G001,A1400001,A1400001,265
의료법인 대우의료재단대우병원,34.87222152,128.7221642,경상남도 거제시 두모길 16 (두모동),지역응급의료기관,055-680-8114,055-680-8119,G007,A2800005,A2800005,266
의료법인 성념의료재단맑은샘병원,34.89793483,128.6437178,경상남도 거제시 연초면 거제대로 4477,지역응급의료기관,055-736-1004,055-736-0119,G007,A2800022,A2800022,267
의료법인 성수의료재단 인천백병원,37.47725814,126.6485041,인천광역시 동구 샛골로 214 (송림동),지역응급의료기관,032-765-7070,032-280-8119,G007,A1400007,A1400007,268
의료법인 센텀의료재단 센텀종합병원,35.16637129,129.1146683,부산광역시 수영구 수영로679번길 8 (광안동),지역응급의료기관,051-750-5000,051-750-5119,G007,A1200098,A1200098,269
의료법인 영제 의료재단 엔케이세종병원,36.47962251,127.2622562,"세종특별자치시 한누리대로 161, 세종시 NK리움힐 상가 1~8층 (나성동)",지역응급의료기관,044-850-7700,044-850-7705,G007,A1800417,A1800417,270
한림대학교성심병원,37.3916512,126.9619708,경기도 안양시 동안구 관평로170번길 22 (평촌동),권역응급의료센터,031-380-1500,031-380-4129,G001,A2100004,A2100004,491
한림대학교춘천성심병원,37.88413581,127.7398945,강원특별자치도 춘천시 삭주로 77 (교동),권역응급의료센터,033-240-5000,033-240-5219,G001,A2200013,A2200013,492
한림대학교한강성심병원,37.52346675,126.91033,"서울특별시 영등포구 버드나루로7길 12 (영등포동7가, 한강성심병원)",응급의료기관 외의 의료기관(응급의료시설),02-2639-5114,02-2639-5555,G009,A1100038,A1100038,493
한마음병원,33.49626124,126.5462245,제주특별자치도 제주시 연신로 52   (이도이동),지역응급의료센터,064-750-9000,064-750-9119,G006,A2900005,A2900005,494
한양대학교구리병원,37.60127601,127.1325076,경기도 구리시 경춘로 153 (교문동),지역응급의료센터,1644-9118,1644-9118,G006,A2100039,A2100039,495
한양대학교병원,37.55994453,127.0448828,서울특별시 성동구 왕십리로 222-1 (사근동),권역응급의료센터,02-2290-8114,02-2290-8284,G001,A1100013,A1100013,496
한일병원,35.1669652,128.1285477,"경상남도 진주시 범골로 17, 한일병원 지하1 1~7층 (충무공동)",지역응급의료센터,055-759-7777,055-750-1333,G006,A2800043,A2800043,497
함양성심병원,35.52046828,127.7292477,경상남도 함양군 함양읍 고운로 70,지역응급의료기관,055-963-4322,055-964-4322,G007,A2800080,A2800080,498
해남우리종합병원,34.58423738,126.646583,전라남도 해남군 옥천면 해남로 597,지역응급의료기관,061530-7000,061-530-7119,G007,A2600077,A2600077,499
해피뷰병원,35.15846281,126.9066923,광주광역시 북구 경열로 216 (유동),응급의료기관 외의 의료기관(응급의료시설),062-519-9000,062-519-9119,G009,A1500057,A1500057,500
충남대학교병원,36.31696055,127.4154613,"대전광역시 중구 문화로 282 (대사동, 충남대학교병원)",권역응급의료센터,1599-7123,042-280-8129,G001,A1600001,A1600001,451
충북대학교병원,36.62416682,127.4614361,"충청북도 청주시 서원구 1순환로 776-0 (개신동,충북대학교병원)",권역응급의료센터,15330075,043-269-6114,G001,A2300001,A2300001,452
충주미래병원,36.98042848,127.9279257,"충청북도 충주시 국원대로 99-0, 0동 (교현동,미래병원)",응급의료기관 외의 의료기관(응급의료시설),043-852-9119,,G009,A2302306,A2302306,453
충청남도공주의료원,36.45905456,127.1092156,충청남도 공주시 무령로 77 (웅진동),지역응급의료기관,041-962-1111,041-962-1365,G007,A2400010,A2400010,454
충청남도서산의료원,36.77556878,126.4651573,충청남도 서산시 중앙로 149 (석림동),지역응급의료센터,041-689-7000,041-689-7119,G006,A2400006,A2400006,455
충청남도천안의료원,36.77535992,127.1799203,충청남도 천안시 동남구 충절로 537 (삼룡동),지역응급의료기관,041-570-7200,041-570-7119,G007,A2400005,A2400005,456
충청남도홍성의료원,36.59933992,126.6744067,충청남도 홍성군 홍성읍 조양로 224,지역응급의료센터,041-630-6251,041-630-6119,G006,A2400007,A2400007,457
충청북도청주의료원,36.64013897,127.4730876,"충청북도 청주시 서원구 흥덕로 48-0 (사직동,청주의료원)",지역응급의료기관,043-279-2300,043-279-0119,G007,A2300006,A2300006,458
충청북도충주의료원,36.97956732,127.9703586,충청북도 충주시 안림로 239-50 (안림동),지역응급의료기관,043-871-0114,043-871-0119,G007,A2300004,A2300004,459
칠곡경북대학교병원,35.95608306,128.5644085,"대구광역시 북구 호국로 807, 칠곡경북대학교병원(임상실습동 1~11층 포함) (학정동)",지역응급의료센터,053-200-2000,053-200-2100,G006,A1300010,A1300010,460
근로복지공단대전병원,36.36857687,127.4284999,대전광역시 대덕구 계족로 637 (법동),응급의료기관 외의 의료기관(응급의료시설),042-670-5419,042-670-5119,G009,A1600009,A1600009,81
근로복지공단동해병원,37.53232312,129.105856,"강원특별자치도 동해시 하평로 11-  (평릉동, (평릉동))",지역응급의료기관,033-530-3100,033-530-3119,G007,A2200038,A2200038,82
근로복지공단순천병원,34.96032502,127.5245259,전라남도 순천시 조례1길 24 (조례동),응급의료기관 외의 의료기관(응급의료시설),061-720-7575,,G009,A2600012,A2600012,83
근로복지공단안산병원,37.31687107,126.8740285,"경기도 안산시 상록구 구룡로 87, 근로복지공단안산병원 (일동)",지역응급의료기관,031-500-1114,031-500-1119,G007,A2100014,A2100014,84
근로복지공단인천병원,37.47634975,126.7533159,인천광역시 부평구 무네미로 446 (구산동),응급의료기관 외의 의료기관(응급의료시설),032-500-0114,,G009,A1400032,A1400032,85
근로복지공단정선병원,37.38292381,128.6584205,강원특별자치도 정선군 정선읍 봉양1길 145,지역응급의료기관,033-560-7100,033-560-7150,G007,A2200048,A2200048,86
근로복지공단태백병원,37.10404229,129.004287,강원특별자치도 태백시 보드미길 8 (장성동),지역응급의료기관,033-580-3114,033-580-3119,G007,A2200004,A2200004,87
금일마취통증의학과의원,34.3494838,127.0297612,"전라남도 완도군 금일읍 감목길 5, 금일마취통증의학과의원",응급의료기관 외의 의료기관(응급의료시설),061-553-3577,,G009,A2600667,A2600667,88
기쁨병원,37.48271303,127.0180635,"서울특별시 서초구 서초중앙로 4, 기쁨병원 (서초동)",응급의료기관 외의 의료기관(응급의료시설),02-570-1234,,G009,A1122033,A1122033,89
김제우석병원,35.80673936,126.8796996,전북특별자치도 김제시 서암4길 45 (서암동),지역응급의료기관,063-540-5114,063-540-5119,G007,A2500038,A2500038,90
엘병원,37.64873349,127.1410487,"경기도 남양주시 퇴계원읍 퇴계원로 20, 지하2~지상7층 일부제외호",지역응급의료기관,1899-3377,031-527-6119,G007,A2118188,A2118188,221
여수전남병원,34.7450192,127.7280841,"전라남도 여수시 좌수영로 49 (광무동, 전남병원)",지역응급의료기관,061-640-7575,061-640-7118,G007,A2600010,A2600010,222
여수한국병원,34.76124318,127.6750954,전라남도 여수시 여천체육공원길 10 (신기동),응급의료기관 외의 의료기관(응급의료시설),061-689-9000,061-689-9119,G009,A2601742,A2601742,223
여천전남병원,34.76918041,127.6540427,전라남도 여수시 무선로 95 (선원동),지역응급의료센터,061-690-6900,061-690-6118,G006,A2600014,A2600014,224
연세대학교원주세브란스기독병원,37.34795543,127.9456453,강원특별자치도 원주시 일산로 20 (일산동),권역응급의료센터,033-741-0114,033-741-1641,G001,A2200001,A2200001,225
연세대학교의과대학강남세브란스병원,37.49280698,127.0463125,"서울특별시 강남구 언주로 211, 강남세브란스병원 (도곡동)",지역응급의료센터,02-2019-3114,02-2019-3333,G006,A1100015,A1100015,226
연세대학교의과대학세브란스병원,37.56211711,126.9408277,서울특별시 서대문구 연세로 50-1 (신촌동),지역응급의료센터,02-2228-0114,02-2227-7777,G006,A1100007,A1100007,227
연세대학교의과대학용인세브란스병원,37.27077583,127.1481886,경기도 용인시 기흥구 동백죽전대로 363 (중동),지역응급의료센터,1899-1004,031-5189-9001,G006,A2100020,A2100020,228
연세새로운병원,37.28987165,127.6328795,경기도 여주시 영릉로 22 (창동),응급의료기관 외의 의료기관(응급의료시설),031-885-7582,031-885-7582,G009,A2100173,A2100173,229
연세에스병원,35.1547321,128.6983353,경상남도 창원시 진해구 해원로32번길 13 (이동),지역응급의료기관,055-548-7700,055-548-7789,G007,A2800021,A2800021,230
행복한병원,35.37461994,128.7114865,경상남도 밀양시 하남읍 수산중앙로 56-2,응급의료기관 외의 의료기관(응급의료시설),055-391-0090,,G009,A2800042,A2800042,501
행복한병원,35.69330551,128.4704396,"대구광역시 달성군 유가읍 테크노순환로12길 4, 1층,4~6층(1층 사우나홀,113~117호,119~120호,405~407호,5층,601~607호",응급의료기관 외의 의료기관(응급의료시설),053-210-8000,053-210-8082,G009,A1303449,A1303449,502
현대병원,37.71548655,127.1798499,경기도 남양주시 진접읍 봉현로 21,지역응급의료센터,031-574-9118~9,031-574-0114,G006,A2100037,A2100037,503
현대병원,36.7831183,127.0009703,충청남도 아산시 시민로 388 (온천동),응급의료기관 외의 의료기관(응급의료시설),041-546-3636,041-546-7744,G009,A2400039,A2400039,504
현대유비스병원,37.46174383,126.6431417,인천광역시 미추홀구 독배로 503 (숭의동),지역응급의료기관,032-888-7575,032-890-5582,G007,A1400004,A1400004,505
혜민병원,37.53531566,127.0836013,서울특별시 광진구 자양로 85 (자양동),지역응급의료기관,02-2049-9000,02-2049-9119,G007,A1100051,A1100051,506
혜성병원,37.65010957,127.2383219,"경기도 남양주시 경춘로1308번길 4, 1층일부~10층 (평내동)",응급의료기관 외의 의료기관(응급의료시설),318151119,,G009,A2120077,A2120077,507
홍익병원,37.52844147,126.863664,"서울특별시 양천구 목동로 225, 홍익병원본관 (신정동)",지역응급의료기관,02-2693-5555,02-2600-0777,G007,A1100019,A1100019,508
홍천아산병원,37.69082165,127.8949072,강원특별자치도 홍천군 홍천읍 산림공원1길 17,지역응급의료기관,033-430-5211,033-430-5119,G007,A2200014,A2200014,509
화성디에스병원,37.19922971,126.8257109,"경기도 화성시 남양읍 시청로160번길 46-13, 1,3~8층",지역응급의료기관,1600-5982,031-5180-7777,G007,A2116761,A2116761,510
(의)내경의료재단울산제일병원,35.5482382,129.3070114,울산광역시 남구 남산로354번길 26 (신정동),응급의료기관 외의 의료기관(응급의료시설),052-220-3300,052-220-3334,G009,A1700023,A1700023,1
(의)서일의료재단기장병원,35.23602946,129.2164916,부산광역시 기장군 기장읍 대청로72번길 6,지역응급의료기관,051-723-0171,051-723-2119,G007,A1200028,A1200028,2
(의)성세의료재단 뉴성민병원,37.50899368,126.6694786,"인천광역시 서구 칠천왕로33번길 17 (석남동, 신석로 70(석남1동, 성민병원))",지역응급의료기관,032-726-1000,032-726-1190,G007,A1400008,A1400008,3
(의)영문의료재단다보스병원,37.23464129,127.2104987,"경기도 용인시 처인구 백옥대로1082번길 18, 다보스종합병원 (김량장동)",지역응급의료센터,031-8021-2114,031-8021-2130,G006,A2100019,A2100019,4
(의)효심의료재단용인서울병원,37.24031637,127.2144914,경기도 용인시 처인구 고림로 81 (고림동),지역응급의료기관,031-337-0114,031-336-0119,G007,A2100122,A2100122,5
(재)미리내천주성삼성직수도회천주성삼병원,35.84022545,128.7057334,"대구광역시 수성구 달구벌대로 3190 (신매동, 천주성삼병원)",지역응급의료기관,053-790-1000,053-790-0555,G007,A1300081,A1300081,6
KS병원,35.19796318,126.8332248,광주광역시 광산구 왕버들로 220 (수완동),지역응급의료센터,062-975-9000,062-975-9119,G006,A1500019,A1500019,7
가톨릭관동대학교국제성모병원,37.54237265,126.6836049,"인천광역시 서구 심곡로100번길 25 (심곡동, 인천국제성모병원)",지역응급의료센터,1600-8291,032-290-3065,G006,A1400015,A1400015,8
가톨릭대학교 여의도성모병원,37.51827234,126.9367313,"서울특별시 영등포구 63로 10, 여의도성모병원 (여의도동)",지역응급의료센터,1661-7575,02-3779-1188,G006,A1100011,A1100011,9
가톨릭대학교 은평성모병원,37.63360841,126.9161505,서울특별시 은평구 통일로 1021 (진관동),지역응급의료센터,02-1811-7755,02-1811-7755,G006,A1121013,A1121013,10
강릉아산병원,37.81842669,128.8577141,강원특별자치도 강릉시 사천면 방동길 38,권역응급의료센터,033-610-3114,033-610-3333,G001,A2200008,A2200008,21
강병원,34.97415925,128.3252894,경상남도 고성군 고성읍 중앙로 49,지역응급의료기관,055-673-0101,055-673-4848,G007,A2800032,A2800032,22
강북삼성병원,37.56849763,126.9679381,서울특별시 종로구 새문안로 29 (평동),지역응급의료센터,02-2001-2001,02-2001-1000,G006,A1100006,A1100006,23
강북으뜸병원,37.62542056,127.0261845,"서울특별시 강북구 도봉로 187, 지하1층, 2층~5층 (미아동)",응급의료기관 외의 의료기관(응급의료시설),02-986-0334,02-986-0334,G009,A1121842,A1121842,24
강원대학교병원,37.87497158,127.7444857,강원특별자치도 춘천시 백령로 156 (효자동),지역응급의료센터,033-258-2000,033-258-2245,G006,A2200009,A2200009,25
강원특별자치도강릉의료원,37.74931042,128.8887963,강원특별자치도 강릉시 경강로 2007 (남문동),지역응급의료기관,033-610-1200,033-610-1234,G007,A2200011,A2200011,26
강원특별자치도삼척의료원,37.44027923,129.1637001,강원특별자치도 삼척시 오십천로 418 (남양동),지역응급의료센터,033-572-1141,033-570-7431,G006,A2200007,A2200007,27
강원특별자치도속초의료원,38.21622785,128.5891195,강원특별자치도 속초시 영랑호반길 3 (영랑동),지역응급의료센터,033-630-6000,033-630-6036,G006,A2200012,A2200012,28
강원특별자치도영월의료원,37.1865884,128.4653053,강원특별자치도 영월군 영월읍 중앙1로 59-  ( ),지역응급의료기관,033-370-9101,033-370-9129,G007,A2200002,A2200002,29
강원특별자치도원주의료원,37.33249603,127.948962,"강원특별자치도 원주시 서원대로 387 (개운동, 지방공사강원도원주의료원)",지역응급의료기관,033-761-6911,033-760-4701,G007,A2200015,A2200015,30
창원경상국립대학교병원,35.19921298,128.7078072,"경상남도 창원시 성산구 삼정자로 11 (성주동, 창원경상대학교병원)",지역응급의료센터,055-214-2000,055-214-1339,G006,A2803505,A2803505,441
창원파티마병원,35.23724183,128.6444853,경상남도 창원시 의창구 창이대로 45 (명서동),지역응급의료센터,055-270-1000,055-270-1119,G006,A2800004,A2800004,442
창원한마음병원,35.23797963,128.6990593,경상남도 창원시 의창구 용동로57번길 8 (사림동),지역응급의료센터,055-225-0000,055-225-0350,G006,A2800007,A2800007,443
철원병원,38.15033057,127.3080277,강원특별자치도 철원군 갈말읍 명성로 208-0,지역응급의료기관,033-452-5011,033-450-3300,G007,A2201730,A2201730,444
첨단종합병원,35.22113374,126.8453021,광주광역시 광산구 첨단중앙로170번길 59 (쌍암동),지역응급의료센터,062-601-8000,062-601-8119,G006,A1500011,A1500011,445
청송군보건의료원,36.43104059,129.0526609,경상북도 청송군 청송읍 의료원길 19,지역응급의료기관,054-870-7100,054-870-7119,G007,E2700554,E2700554,446
청양군보건의료원,36.45529646,126.8045584,충청남도 청양군 청양읍 칠갑산로7길 54,지역응급의료기관,041-942-3401,041-940-4951,G007,E2400032,E2400032,447
청주성모병원,36.67380133,127.4854696,충청북도 청주시 청원구 주성로 173-19 (주중동),지역응급의료센터,043-219-8000,043-219-8119,G006,A2300008,A2300008,448
청주현대병원,36.63298741,127.4246343,충청북도 청주시 흥덕구 비하로 65 (비하동),응급의료기관 외의 의료기관(응급의료시설),043-237-2114,043-237-1119,G009,A2300019,A2300019,449
추병원,37.74996009,127.0450971,경기도 의정부시 평화로 650 (의정부동),지역응급의료기관,031-845-7777,031-845-8313,G007,A2100150,A2100150,450
의료법인백제병원,36.19250243,127.0943698,충청남도 논산시 시민로294번길 14 (취암동),지역응급의료센터,041-733-2191,041-730-8888,G006,A2400009,A2400009,311
의료법인백천의료재단바로본병원,35.86845464,128.6151837,대구광역시 동구 국채보상로 769 (신천동),응급의료기관 외의 의료기관(응급의료시설),1644-8575,053-721-8549,G009,A1300033,A1300033,312
의료법인보광의료재단속초보광병원,38.19802125,128.5783866,강원특별자치도 속초시 중앙로 11 (교동),지역응급의료기관,033-639-8500,033-639-8988,G007,A2200046,A2200046,313
의료법인삼백의료재단상주성모병원,36.42029126,128.1597334,경상북도 상주시 냉림서성길 7 (냉림동),지역응급의료기관,054-532-5001,054-530-7811,G007,A2700009,A2700009,314
의료법인생명사랑의료재단밀양윤병원,35.48468032,128.7556453,경상남도 밀양시 삼문중앙로 32 (삼문동),지역응급의료기관,055-354-2200,055-802-7314,G007,A2800057,A2800057,315
의료법인서명의료재단세명병원,35.82621911,128.7374074,경상북도 경산시 경안로 208 (중방동),지역응급의료기관,053-819-8800,053-819-8500,G007,A2700036,A2700036,316
의료법인서울효천의료재단에이치플러스양지병원,37.48427507,126.9325392,"서울특별시 관악구 남부순환로 1636, 양지병원 (신림동)",지역응급의료센터,02-1877-8875,070-4665-9119,G006,A1100041,A1100041,317
의료법인서준의료재단예천권병원,36.65741645,128.4589049,경상북도 예천군 예천읍 시장로 136,지역응급의료기관,054-654-6611,054-650-2119,G007,A2700023,A2700023,318
의료법인서해병원,36.08449429,126.6875811,충청남도 서천군 서천읍 서천로 184,지역응급의료기관,041-951-8282,041-950-0219,G007,A2400044,A2400044,319
의료법인석경의료재단센트럴병원,37.33640947,126.7276886,"경기도 시흥시 공단1대로 237 (정왕동, 센트럴 병원)",지역응급의료기관,031-8041-3000,031-8041-3019,G007,A2100027,A2100027,320
가톨릭대학교 인천성모병원,37.48455865,126.7247081,인천광역시 부평구 동수로 56 (부평동),지역응급의료센터,032-280-6364,032-280-6107,G006,A1400012,A1400012,11
가톨릭대학교부천성모병원,37.48744774,126.7924346,"경기도 부천시 원미구 소사로 327, 가톨릭대학교 부천성모병원 (소사동)",지역응급의료센터,032-1577-0675,032-340-2100,G006,A2100052,A2100052,12
가톨릭대학교성빈센트병원,37.27792235,127.0274495,경기도 수원시 팔달구 중부대로 93 (지동),지역응급의료센터,031-1577-8588,031-249-7370,G006,A2100012,A2100012,13
가톨릭대학교의정부성모병원,37.75865548,127.0776729,"경기도 의정부시 천보로 271, 의정부성모병원 (금오동)",권역응급의료센터,1661-7500,031-820-5200,G001,A2100040,A2100040,14
강남고려병원,37.48561884,126.9567817,서울특별시 관악구 관악로 242 (봉천동),응급의료기관 외의 의료기관(응급의료시설),1661-8267,02-874-7227,G009,A1100047,A1100047,15
강남베드로병원,37.48561218,127.0395873,"서울특별시 강남구 남부순환로 2649, 베드로병원 (도곡동)",응급의료기관 외의 의료기관(응급의료시설),1544-7522,1544-7522,G009,A1100141,A1100141,16
강남병원,37.27377984,127.1114072,"경기도 용인시 기흥구 중부대로 411, 강남병원 (신갈동)",지역응급의료센터,031-300-0114,031-300-0119,G006,A2100029,A2100029,17
강남종합병원,35.88300855,128.663456,"대구광역시 동구 동촌로 207, 강남병원 (방촌동)",지역응급의료기관,053-980-9000,053-980-9018,G007,A1300018,A1300018,18
강남힐병원,37.48165134,126.9116481,"서울특별시 관악구 남부순환로 1449, 강남힐병원 (신림동)",응급의료기관 외의 의료기관(응급의료시설),02-853-4600,02-853-9100,G009,A1100076,A1100076,19
강동경희대학교의대병원,37.55204593,127.1570848,서울특별시 강동구 동남로 892 (상일동),권역응급의료센터,02-440-7114,02-440-7000,G001,A1100043,A1100043,20
연천군보건의료원,38.02374167,127.0612444,경기도 연천군 전곡읍 은대성로 95,지역응급의료기관,031-839-4001,031-839-4119,G007,E2100187,E2100187,231
영광종합병원,35.28418362,126.4989403,"전라남도 영광군 영광읍 와룡로 3,",지역응급의료기관,061-350-8000,061-350-8129,G007,A2600015,A2600015,232
영남대학교병원,35.84750592,128.5851312,대구광역시 남구 현충로 170 (대명동),권역응급의료센터,053-623-8001,053-620-3177,G001,A1300001,A1300001,233
영남대학교의과대학부속영천병원,35.95732074,128.9130533,경상북도 영천시 오수1길 10 (오수동),지역응급의료기관,543389000,054-330-7575,G007,A2700017,A2700017,234
영도병원,35.0922712,129.0405371,부산광역시 영도구 태종로 85 (대교동2가),지역응급의료기관,051-414-8101,051-419-7575,G007,A1200014,A1200014,235
영암한국병원,34.79434132,126.7011699,전라남도 영암군 영암읍 오리정길 8,지역응급의료기관,061-470-7100,061-470-7118,G007,A2600070,A2600070,236
영주기독병원,36.82516127,128.6211481,경상북도 영주시 구성로 380 (영주동),지역응급의료기관,054-635-6161,054-635-3050,G007,A2700031,A2700031,237
영주자인병원,36.81594745,128.6056104,경상북도 영주시 대동로31번길 9 (가흥동),응급의료기관 외의 의료기관(응급의료시설),054-633-1131,,G009,A2700020,A2700020,238
영주적십자병원,36.82525797,128.6040035,"경상북도 영주시 대학로 327-0 (가흥동,영주적십자병원)",지역응급의료기관,054-630-0100,054-630-0112,G007,A2702752,A2702752,239
예산명지병원,36.71373026,126.8341696,충청남도 예산군 예산읍 신례원로 26,응급의료기관 외의 의료기관(응급의료시설),041-335-2255,041-335-5166,G009,A2400015,A2400015,240
경기도의료원포천병원,37.90326402,127.1983186,경기도 포천시 포천로 1648 (신읍동),지역응급의료센터,031-539-9114,031-539-9119,G006,A2100031,A2100031,41
경북대학교병원,35.8662355,128.6043147,"대구광역시 중구 동덕로 130 (삼덕동2가, 경북대학교병원)",권역응급의료센터,053-200-5114,053-200-5100,G001,A1300002,A1300002,42
경상국립대학교병원,35.17634017,128.0956481,경상남도 진주시 강남로 79 (칠암동),권역응급의료센터,055-750-8000,055-750-8282,G001,A2800001,A2800001,43
경상남도마산의료원,35.1990682,128.5655198,경상남도 창원시 마산합포구 3·15대로 231 (중앙동3가),지역응급의료기관,055-249-1000,055-249-1119,G007,A2800025,A2800025,44
경상북도김천의료원,36.12249076,128.1264933,경상북도 김천시 모암길 24 (모암동),지역응급의료기관,054-432-8901,054-429-8234,G007,A2700018,A2700018,45
경상북도안동의료원,36.56826733,128.7321334,"경상북도 안동시 태사2길 55 (북문동, 470)",지역응급의료기관,054-850-6000,054-850-6100,G007,A2700001,A2700001,46
경상북도포항의료원,36.03462413,129.354993,"경상북도 포항시 북구 용흥로 36 (용흥동, (용흥동))",지역응급의료기관,054-247-0551,054-245-0129,G007,A2700005,A2700005,47
경찰병원,37.49641321,127.1234879,"서울특별시 송파구 송이로 123, 국립경찰병원 (가락동)",지역응급의료기관,02-3400-1114,02-3400-1300,G007,A1100039,A1100039,48
경희대학교병원,37.59387655,127.0518322,서울특별시 동대문구 경희대로 23 (회기동),지역응급의료센터,02-958-8114,02-958-8114,G006,A1100001,A1100001,49
계명대학교경주동산병원,35.84545696,129.2096403,경상북도 경주시 봉황로 65 (서부동),응급의료기관 외의 의료기관(응급의료시설),054-770-9500,054-770-9420,G009,A2700097,A2700097,50
의료법인석영의료재단창원제일종합병원,35.19903607,128.5677292,경상남도 창원시 마산합포구 3·15대로 238 (중앙동3가),응급의료기관 외의 의료기관(응급의료시설),055-223-9000,055-249-7777,G009,A2800018,A2800018,321
의료법인석천재단고창병원,35.43645131,126.6933181,전북특별자치도 고창군 고창읍 화신1길 9,지역응급의료기관,063-560-5600,063-560-5558,G007,A2500009,A2500009,322
의료법인성광의료재단일산차병원,37.65413326,126.7757431,"경기도 고양시 일산동구 중앙로 1205, 지하1층(일부),지하2층,지하4층(일부),1층(일부),2층(일부),3층(일부),4~5층,6층(일부), 7~10층 (장항동)",지역응급의료기관,031-782-8300,031-782-8587,G007,A2116972,A2116972,323
의료법인성심의료재단양구성심병원,38.10477889,127.9911973,강원특별자치도 양구군 양구읍 중심로 160,지역응급의료기관,033-480-8803,033-480-8816,G007,A2200037,A2200037,324
의료법인성지의료재단성지병원,37.34529898,127.9540092,강원특별자치도 원주시 원일로 22 (인동),지역응급의료기관,033-760-3101,033-760-3119,G007,A2200024,A2200024,325
의료법인성화의료재단대한병원,37.63547043,127.0226725,"서울특별시 강북구 도봉로 301 (수유동, 대한병원)",응급의료기관 외의 의료기관(응급의료시설),02-903-3232,02-905-9110,G009,A1100030,A1100030,326
의료법인송암의료재단마이크로병원,36.6340215,127.4500945,충청북도 청주시 흥덕구 사직대로 26 (복대동),응급의료기관 외의 의료기관(응급의료시설),043-265-0071,070-7038-2717,G009,A2300039,A2300039,327
의료법인송은의료재단울산시티병원,35.5828537,129.3590574,울산광역시 북구 산업로 1007 (연암동),지역응급의료센터,052-280-9000,052-280-9119,G006,A1700025,A1700025,328
의료법인숭인의료재단 김해복음병원,35.23048978,128.8935458,경상남도 김해시 활천로 33 (삼정동),지역응급의료센터,055-330-8888,055-330-8844,G006,A2800006,A2800006,329
의료법인승연의료재단 삼천포서울병원,34.93302179,128.0801202,경상남도 사천시 남일로 33 (동금동),지역응급의료기관,055-835-9900,055-830-9019,G007,A2800068,A2800068,330
미즈메디병원,37.55225379,126.8360254,서울특별시 강서구 강서로 295 (내발산동),응급의료기관 외의 의료기관(응급의료시설),02-2007-1252,02-2007-1118,G009,A1100046,A1100046,141
바른마디병원,37.44526964,127.1625665,경기도 성남시 중원구 광명로 330 (금광동),응급의료기관 외의 의료기관(응급의료시설),031-735-9110,,G009,A2106200,A2106200,142
바른병원,37.27373314,127.4503893,"경기도 이천시 경충대로 2543, 바른병원 (진리동)",응급의료기관 외의 의료기관(응급의료시설),031-630-0300,031-630-0399,G009,A2100180,A2100180,143
반도병원,35.19175352,128.0882823,경상남도 진주시 남강로 701 (장대동),지역응급의료기관,557476000,055-749-0200,G007,A2800084,A2800084,144
베데스다복음병원,35.35322218,129.0435681,경상남도 양산시 신기로 28 (신기동),응급의료기관 외의 의료기관(응급의료시설),055-384-9901,,G009,A2800019,A2800019,145
보성아산병원,34.77547052,127.1042841,전라남도 보성군 미력면 가평길 36-17,지역응급의료기관,061-850-3410,061-850-3119,G007,A2600052,A2600052,146
본바른병원,35.32699482,129.0152649,"경상남도 양산시 물금읍 청운로 343, 양산바른빌딩 1층일부, 4층~10층",응급의료기관 외의 의료기관(응급의료시설),055-785-3117,055-785-3117,G009,A2803867,A2803867,147
부민병원,37.55694089,126.8509495,"서울특별시 강서구 공항대로 389, 부민병원 (등촌동)",지역응급의료기관,1577-7582,02-2620-0119,G007,A1100036,A1100036,148
부산광역시의료원,35.18731265,129.0591792,"부산광역시 연제구 월드컵대로 359 (거제동, 1동, 5동일부)",지역응급의료기관,051-507-3000,051-607-2140,G007,A1200024,A1200024,149
부산대학교병원,35.10105418,129.0192221,부산광역시 서구 구덕로 179 (아미동1가),지역응급의료센터,051-240-7000,051-240-7776,G006,A1200002,A1200002,150
아산충무병원,36.7792925,127.0199489,충청남도 아산시 문화로 381 (모종동),지역응급의료센터,041-536-6666,041-536-6519,G006,A2402257,A2402257,211
아주대학교병원,37.27944776,127.0475211,경기도 수원시 영통구 월드컵로 164 (원천동),권역응급의료센터,031-219-5114,031-219-7777,G001,A2100002,A2100002,212
안동성소병원,36.56712693,128.7224535,경상북도 안동시 서동문로 99 (금곡동),지역응급의료센터,054-857-2321,054-850-8282,G006,A2700004,A2700004,213
안성성모병원,37.00610346,127.2708443,경기도 안성시 시장길 58 (서인동),지역응급의료기관,031-675-6007,031-675-8275,G007,A2100305,A2100305,214
안은의료재단 부평세림병원,37.50684251,126.7199468,"인천광역시 부평구 부평대로 175 (청천동, 세림병원)",지역응급의료센터,032-509-5555,032-509-5777,G006,A1400013,A1400013,215
양산부산대학교병원,35.32781997,129.0058861,경상남도 양산시 물금읍 금오로 20,권역응급의료센터,055-360-1000,055-360-1463,G001,A2800011,A2800011,216
양주예쓰병원,37.83756356,127.0646389,경기도 양주시 회정로 103 (덕정동),응급의료기관 외의 의료기관(응급의료시설),031-825-5000,031-825-1119,G009,A2100134,A2100134,217
양평병원,37.49396264,127.5034709,경기도 양평군 양평읍 중앙로 129,지역응급의료기관,031-770-5000,031-770-5176,G007,A2100089,A2100089,218
에스포항병원,36.0348229,129.3314003,"경상북도 포항시 남구 희망대로 352 (이동, 에스포항병원)",지역응급의료기관,054-289-9000,054-289-9120,G007,A2700008,A2700008,219
에이치제이매그놀리아국제병원,37.69104513,127.5214132,경기도 가평군 설악면 미사리로 267-177,응급의료기관 외의 의료기관(응급의료시설),031-589-4300,031-589-4465,G009,A2100282,A2100282,220
의료법인 온그룹의료재단 온종합병원,35.15787736,129.0499844,"부산광역시 부산진구 가야대로 719, 767, 721, 본관 지하3~5층, 본관 6~11층 전부, 본관 12층 일부, 본관 13~14층 전부, (당감동)",지역응급의료센터,051-607-0133,051-607-0139,G006,A1200020,A1200020,271
의료법인 우범의료재단 장흥종합병원,34.67726072,126.9109361,전라남도 장흥군 장흥읍 흥성로 74,지역응급의료기관,061-862-8300,061-860-1119,G007,A2600021,A2600021,272
의료법인 은성의료재단 좋은강안병원,35.15015906,129.1107243,부산광역시 수영구 수영로 493 (남천동),지역응급의료기관,051-625-0900,051-610-9119,G007,A1200008,A1200008,273
의료법인 이도의료재단 남해병원,34.84640603,127.8942516,경상남도 남해군 남해읍 화전로 169,지역응급의료기관,055-863-2201,055-860-6630,G007,A2800094,A2800094,274
의료법인 인당의료재단 부민병원,35.21191432,129.0112123,부산광역시 북구 만덕대로 59 (덕천동),지역응급의료기관,051-330-3000,051-330-3129,G007,A1200006,A1200006,275
의료법인 인당의료재단 해운대부민병원,35.16142041,129.1556561,부산광역시 해운대구 해운대로 584 (우동),지역응급의료기관,051-602-8000,051-602-8119,G007,A1205143,A1205143,276
의료법인 인봉의료재단 영등포병원,37.52685674,126.8956126,서울특별시 영등포구 당산로31길 10 (당산동3가),응급의료기관 외의 의료기관(응급의료시설),02-2635-2809,02-2632-0013,G009,A1100255,A1100255,277
의료법인 일심의료재단 포천우리병원,37.82749591,127.1481437,경기도 포천시 소흘읍 호국로 661,지역응급의료기관,031-542-0222,031-541-8282,G007,A2100036,A2100036,278
의료법인 중앙의료재단 중앙병원,33.49234615,126.4705871,"제주특별자치도 제주시 월랑로 91-0 (이호이동,중앙병원)",지역응급의료센터,064786-7000,064-786-7777,G006,A2900006,A2900006,279
의료법인 행도의료재단 해동병원,35.09194298,129.0438643,부산광역시 영도구 태종로 133 (봉래동3가),지역응급의료기관,051-412-6161,051-410-6688,G007,A1200012,A1200012,280
중앙대학교병원,37.50707428,126.9607938,서울특별시 동작구 흑석로 102 (흑석동),지역응급의료센터,1800-1114,02-6299-1338,G006,A1100003,A1100003,431
진도한국병원,34.48243254,126.2641243,전라남도 진도군 진도읍 남문길 48,지역응급의료기관,061-544-2051,061-244-2310,G007,A2600040,A2600040,432
진안군의료원,35.79518696,127.4320701,전북특별자치도 진안군 진안읍 진무로 1145-0,지역응급의료기관,063-430-7000,063-430-7119,G007,A2502031,A2502031,433
진주고려병원,35.17849132,128.0922386,"경상남도 진주시 동진로 2 (칠암동, 진주고려병원)",지역응급의료기관,055-751-2500,055-751-2525,G007,A2800015,A2800015,434
진주복음병원,35.18537657,128.0693912,경상남도 진주시 진양호로 370 (신안동),지역응급의료기관,055-749-7110,055-749-7119,G007,A2800037,A2800037,435
진주세란병원,35.17448762,128.0929506,경상남도 진주시 진주대로 829 (주약동),응급의료기관 외의 의료기관(응급의료시설),055-760-7578,055-760-7575,G009,A2800044,A2800044,436
차의과학대학교 강남차병원,37.50680003,127.0346687,"서울특별시 강남구 논현로 566, 강남차병원(역삼동650-9, 606-4, 605외2필지(지하7층~지하1층, 지상2층~7층)) (역삼동)",응급의료기관 외의 의료기관(응급의료시설),02-3468-3000,02-3468-3060,G009,A1100057,A1100057,437
차의과학대학교부속구미차병원,36.11452808,128.3405465,경상북도 구미시 신시로10길 12 (형곡동),권역응급의료센터,054-450-9700,054-450-9998,G001,A2700007,A2700007,438
차의과학대학교분당차병원,37.41011459,127.1250837,경기도 성남시 분당구 야탑로 59 (야탑동),권역응급의료센터,031-780-5000,031-780-5840,G001,A2100030,A2100030,439
참조은병원,37.41095383,127.2602238,경기도 광주시 광주대로 45 (경안동),지역응급의료센터,1600-9955,031-881-9119,G006,A2100155,A2100155,440
서울특별시보라매병원,37.4937184,126.9240488,서울특별시 동작구 보라매로5길 20 (신대방동),지역응급의료센터,02-870-2114,02-870-2119,G006,A1100040,A1100040,181
서울특별시서남병원,37.51201936,126.8331299,서울특별시 양천구 신정이펜1로 20 (신정동),지역응급의료기관,1566-6688,02-6300-9129,G007,A1100223,A1100223,182
서울특별시서울의료원,37.61286932,127.0980911,서울특별시 중랑구 신내로 156 (신내동),권역응급의료센터,02-2276-7000,02-2276-7403,G001,A1100035,A1100035,183
서울현대병원,37.64025592,127.0285044,"서울특별시 강북구 도봉로 374 (번동, 서울현대병원)",응급의료기관 외의 의료기관(응급의료시설),02-1588-6853,02-902-9119,G009,A1100172,A1100172,184
선한병원,35.16155167,126.8870269,광주광역시 서구 무진대로 975 (광천동),응급의료기관 외의 의료기관(응급의료시설),062-466-1000,062-466-1119,G009,A1502006,A1502006,185
성가롤로병원,34.96342524,127.5423089,전라남도 순천시 순광로 221 (조례동),권역응급의료센터,061-720-2000,061-720-6119,G001,A2600019,A2600019,186
성남시의료원,37.44498429,127.139057,"경기도 성남시 수정구 수정로171번길 10, 성남시의료원 (태평동)",지역응급의료센터,031-738-7000,031-738-7300,G006,A2116806,A2116806,187
성남중앙병원,37.45280321,127.1620954,경기도 성남시 중원구 산성대로476번길 12 (금광동),지역응급의료기관,031-743-3000,031-799-5599,G007,A2100011,A2100011,188
성모윌병원,37.43444739,127.1282853,"경기도 성남시 수정구 성남대로 1171, 삼성화재빌딩 1층일부, 2~9층 (수진동)",응급의료기관 외의 의료기관(응급의료시설),031-751-2075,1833-5001,G009,A2115807,A2115807,189
성심의료재단강동성심병원,37.53598408,127.1352635,서울특별시 강동구 성안로 150 (길동),지역응급의료센터,02-2224-2114,02-2224-2358,G006,A1100028,A1100028,190
의료법인청파의료재단송탄중앙병원,37.08854084,127.0641653,경기도 평택시 오좌동길 17-16 (독곡동),응급의료기관 외의 의료기관(응급의료시설),031-612-7000,031-612-7000,G009,A2100301,A2100301,371
의료법인칠석의료재단사랑의병원,37.3270204,126.8448635,"경기도 안산시 상록구 예술광장로 69, 사랑의병원(593-4번지/593-5번지) (성포동)",지역응급의료기관,031-439-3000,031-414-6656,G007,A2100124,A2100124,372
의료법인태성의료재단제일조은병원,36.99760379,127.5985345,충청북도 음성군 금왕읍 음성로1230번길 10,응급의료기관 외의 의료기관(응급의료시설),043-883-8800,043-883-7755,G009,A2300015,A2300015,373
의료법인토마스의료재단윌스기념병원,37.26502978,127.0254584,경기도 수원시 팔달구 경수대로 437 (인계동),지역응급의료기관,031-223-2233,031-240-6119,G007,A2100175,A2100175,374
의료법인풍산의료재단동부제일병원,37.60067565,127.1090292,"서울특별시 중랑구 망우로 511, 동부제일병원 지하1~6층 (망우동)",지역응급의료기관,02-437-5011,02-490-8880,G007,A1100075,A1100075,375
의료법인플러스의료재단단원병원,37.30021882,126.8135702,"경기도 안산시 단원구 원포공원1로 20, 동의성단원병원 (초지동)",지역응급의료기관,031-8040-6600,031-8040-5911,G007,A2100021,A2100021,376
의료법인한국의료재단한국병원,34.94774146,127.5123584,전라남도 순천시 우명길 42 (연향동),지역응급의료기관,061-740-5000,061-740-5119,G007,A2600005,A2600005,377
의료법인한마음의료재단 여수제일병원,34.76616667,127.6635583,"전라남도 여수시 쌍봉로 70 (학동, (학동))",지역응급의료기관,061-689-8123,061-689-8119,G007,A2600027,A2600027,378
의료법인한마음의료재단하나병원,36.62347405,127.4308186,충청북도 청주시 흥덕구 2순환로 1262 (가경동),지역응급의료센터,043-230-6114,043-230-6594,G006,A2300002,A2300002,379
의료법인한전의료재단한일병원,37.6461157,127.0290242,"서울특별시 도봉구 우이천로 308, 한일병원 (쌍문동)",지역응급의료센터,02-901-3114,02-901-3119,G006,A1100020,A1100020,380
메디인병원,37.75804617,126.7748533,경기도 파주시 금릉역로 190(금촌동),지역응급의료기관,319431191,031-570-7912,G007,A2100131,A2100131,131
명주병원,37.23514274,127.2010438,경기도 용인시 처인구 금령로39번길 8-6(김량장동),지역응급의료센터,1522-8119,1522-8119,G006,A2119056,A2119056,132
명지성모병원,37.49385071,126.8992545,"서울특별시 영등포구 도림로 156, 명지성모병원 (대림동)",지역응급의료기관,02-1899-1475,02-829-7800,G007,A1100024,A1100024,133
목포기독병원,34.80450726,126.4204246,전라남도 목포시 백년대로 303 (상동),지역응급의료기관,061-280-7500,061-280-7119,G007,A2600020,A2600020,134
목포시의료원,34.80395501,126.4053871,"전라남도 목포시 이로로 18 (용해동, (용해동))",지역응급의료기관,061-260-6500,061-260-6400,G007,A2600022,A2600022,135
목포한국병원,34.80921458,126.4163392,전라남도 목포시 영산로 483 (상동),권역응급의료센터,061-270-5500,061-270-5666,G001,A2600011,A2600011,136
무주군보건의료원,36.00586316,127.6717027,"전북특별자치도 무주군 무주읍 한풍루로 413, 무주군보건의료원",지역응급의료기관,063-320-8314,063-320-8315,G007,E2500019,E2500019,137
무척조은병원,37.86396622,126.7809779,경기도 파주시 문산읍 방촌로 1675-20,응급의료기관 외의 의료기관(응급의료시설),031-954-1400,031-954-1400,G009,A2100083,A2100083,138
문산중앙병원,37.85424811,126.7832286,"경기도 파주시 문산읍 문향로39번길 53, 문산중앙병원",응급의료기관 외의 의료기관(응급의료시설),031-950-9000,031-950-9099,G009,A2100130,A2100130,139
미래로21병원,35.14102639,126.8852886,광주광역시 서구 화운로 1 (화정동),지역응급의료기관,062-450-1000,062-450-1119,G007,A1500014,A1500014,140
인천적십자병원,37.41856693,126.6875335,"인천광역시 연수구 원인재로 263 (연수동, 인천적십자병원)",지역응급의료기관,032-899-4000,032-899-4118,G007,A1400018,A1400018,401
인천힘찬종합병원,37.40106232,126.7146868,"인천광역시 남동구 논현로 72, 인천힘찬종합병원 (논현동)",지역응급의료기관,032-1899-2220,032-459-3168,G007,A1403871,A1403871,402
인하대학교의과대학부속병원,37.4584235,126.6318683,인천광역시 중구 인항로 27 (신흥동3가),권역응급의료센터,032-890-2114,032-890-2301,G001,A1400002,A1400002,403
임실군보건의료원,35.61249558,127.2869758,전북특별자치도 임실군 임실읍 호국로 1680,지역응급의료기관,063-640-3102,063-640-3119,G007,E2500022,E2500022,404
장수군보건의료원,35.6546649,127.5201429,전북특별자치도 장수군 장수읍 장천로 247,지역응급의료기관,063-351-8000,063-350-2119,G007,E2500020,E2500020,405
장흥우리병원,34.67838231,126.9110991,전라남도 장흥군 장흥읍 흥성로 83,지역응급의료기관,061-862-6262,061-860-0119,G007,A2600037,A2600037,406
재단법인 베스티안재단 베스티안부산병원,35.23558674,129.0086267,부산광역시 북구 화명대로 1 (화명동),응급의료기관 외의 의료기관(응급의료시설),051-332-7575,070-7603-1721,G009,A1200110,A1200110,407
재단법인베스티안재단베스티안병원,36.6364279,127.3216412,충청북도 청주시 흥덕구 오송읍 오송생명1로 191-0,지역응급의료기관,043-910-7575,043-904-8925,G007,A2302011,A2302011,408
재단법인베스티안재단베스티안서울병원,37.56511028,127.0280198,서울특별시 성동구 왕십리로 382 (하왕십리동),응급의료기관 외의 의료기관(응급의료시설),02-6211-7912,02-6211-7965,G009,A1122381,A1122381,409
재단법인아산사회복지재단보령아산병원,36.38113998,126.6228285,충청남도 보령시 죽성로 136 (죽정동),지역응급의료기관,041-930-5114,041-930-5333,G007,A2400011,A2400011,410
화성유일병원,37.21778332,126.8326536,경기도 화성시 남양읍 남양로920번길 6,응급의료기관 외의 의료기관(응급의료시설),031-355-0119,031-351-0129,G009,A2116685,A2116685,511
화순고려병원,35.05595374,126.9896356,전라남도 화순군 화순읍 충의로 109,응급의료기관 외의 의료기관(응급의료시설),061-370-3700,061-370-3778,G009,A2600048,A2600048,512
화순전남대학교병원,35.05867074,127.0021083,전라남도 화순군 화순읍 서양로 322,지역응급의료센터,061-379-7120,061-379-8882,G006,A2600001,A2600001,513
화천군보건의료원,38.10738246,127.7088834,강원특별자치도 화천군 화천읍 강변로 111 (화천군보건의료원),지역응급의료기관,033-441-4000,033-440-2880,G007,E2200025,E2200025,514
횡성대성병원,37.47845901,127.9799478,강원특별자치도 횡성군 횡성읍 횡성로 275,지역응급의료기관,033-343-0901,033-345-1191,G007,A2200016,A2200016,515
효산의료재단안양샘병원,37.39340413,126.9244773,"경기도 안양시 만안구 삼덕로 9 (안양동, 안양샘병원)",지역응급의료센터,031-467-9717,031-467-9119,G006,A2100015,A2100015,516
효산의료재단지샘병원,37.35864465,126.9473597,"경기도 군포시 군포로 591 (당동, (G샘병원)군포샘병원)",지역응급의료센터,031-389-3000,031-389-3119,G006,A2100054,A2100054,517
효성시티병원,35.18541272,129.121459,부산광역시 해운대구 해운대로 135 (재송동),응급의료기관 외의 의료기관(응급의료시설),051-709-3000,051-709-3119,G009,A1200048,A1200048,518
흑룡의원,37.95952436,124.6654986,인천광역시 옹진군 백령면 백령로 831,응급의료기관 외의 의료기관(응급의료시설),032-837-6873,032-837-3153,G009,A1403132,A1403132,519
희명병원,37.45567063,126.9005625,서울특별시 금천구 시흥대로 244 (시흥동),지역응급의료기관,02-804-0002,02-809-0122,G007,A1100049,A1100049,520